"Architecture","Workload","Report","Stations","Duration","TPS","IPS","Transactions","Items","StartMean","StartP95","StartP99","ScanMean","ScanP95","ScanP99","CompleteMean","CompleteP95","CompleteP99","CompleteErrorRate"
"layered","default","report-20260923-182454.json","10","60","315.51253308972264","7142.369980290114","18936","428661","4.426018188913006","7.3223","16.1422","0.20344121648575447","0.2802","0.6756","8.107760271440641","17.5091","35.331","0.5381801331609882"
"layered","default","report-20260923-182612.json","10","60","316.03673395750684","7216.499735103074","18970","433168","4.379677125427979","7.331","15.4234","0.20202454798138367","0.272","0.6296","7.990689931470744","16.2922","38.9659","0.5426050055456431"
"layered","default","report-20260923-182730.json","10","60","313.9038917431378","7233.0652544126415","18845","434232","4.466422474814583","7.3372","16.2605","0.19507429714991065","0.2648","0.5177","8.052041666224463","16.7719","36.7927","0.5447297852293866"
"layered","stress","report-20260923-182948.json","100","120","258.9694566776333","8444.97732827327","31100","1014169","56.300424199567864","135.651","205.3498","0.20982861732117625","0.2812","0.5829","76.8939815948553","180.1437","268.2811","0.6784831849807194"
"layered","stress","report-20260923-183206.json","100","120","253.44883989689248","8320.684776729335","30436","999209","57.24022285319873","137.5538","225.0017","0.2085934109880916","0.283","0.5664","79.69467747404389","191.3354","306.232","0.6792733173862188"
"layered","stress","report-20260923-183424.json","100","120","250.68162561509536","8209.685995320724","30138","987003","57.901845186669796","145.6154","227.994","0.2125615588807734","0.2842","0.6005","79.90837358816113","194.5553","287.9295","0.6787062109549903"
"monolithic","default","report-20260923-181406.json","10","60","307.141541047955","6926.828545850388","18445","415982","4.6093295775714145","7.3952","15.9508","0.21567288440365207","0.2868","0.7289","8.337093738140418","15.6556","32.6139","0.5345462804077925"
"monolithic","default","report-20260923-181524.json","10","60","312.48473017828127","7074.935490844211","18758","424698","4.56115581872574","7.4223","16.7853","0.2106997789017137","0.2827","0.6801","8.2751507623414","16.6772","37.1954","0.5362326006873193"
"monolithic","default","report-20260923-181642.json","10","60","305.1805774917458","6964.744211613715","18319","418071","4.57054854824075","7.4566","16.0778","0.21251917736461032","0.2877","0.704","8.374017468202412","17.159","38.0085","0.5382851093860268"
"monolithic","stress","report-20260923-181900.json","100","120","248.36444903496422","8132.688896411972","29880","978420","61.648293412154885","143.6744","208.7407","0.2159201296989023","0.2835","0.5809","66.9105143875502","154.3829","216.188","0.6782530042641168"
"monolithic","stress","report-20260923-182118.json","100","120","252.2539271413038","8296.543818193695","30295","996392","60.38343610236803","145.7047","200.2846","0.2150668844189837","0.2864","0.6486","66.22877769268857","157.9807","209.8456","0.6800207017469739"
"monolithic","stress","report-20260923-182336.json","100","120","257.35415348058314","8389.152540499792","30907","1007497","59.610867479708595","141.9299","205.7385","0.2081321534456182","0.2781","0.5199","64.74702661532986","154.2931","211.0991","0.6787982083285701"
